customer_id,customer_name,customer_city
1,Edgar Love,Glennshire
2,Nancy Nelson,Daystad
3,Dalton Russell,Edwardsmouth
4,Christian Solomon,South Emilyborough
5,Brandon Ward,Evansview
6,Terry Watkins,Pamelamouth
7,Kathleen Smith,Carriemouth
8,Troy Collins,Bernardshire
9,Michael Williams,Tylerfort
10,Megan Gordon,Lake Paulbury
11,Justin Case,South Alyssamouth
12,,,Jesus Mckinney,New John
13,Amy Davis,Fisherside
14,Christopher Todd,Robertfurt
15,David Fleming,Rickytown
16,Molly Lambert MD,South Danielle
17,Michael Edwards,South Karenside
18,Matthew Ellis,Lisaborough
19,Erika Jacobs,West Stephanieborough
20,Jenny Patel,Matthewville
21,Andrew Clark,Amberport
22,Richard Johnston,Port Joe
23,Linda Rice,Melanieland
24,Nicholas Krueger,Owensburgh
25,Stacey Williams,West Christine
26,Jessica Robinson,South Kimberlyhaven
27,Adriana Davis,Laneland
28,Mark Martinez,Cindyhaven
29,Russell Crane,South Daniel
30,Joseph Higgins,Lake Gavin
31,Michael Osborn,Jordanside
32,Amanda Calderon,New Darrylview
33,Chase Malone,New Michellestad
34,Stacey Boyd,North Sarah
35,Ashley Livingston,South Jonathanfurt
36,Donna Klein,Cartertown
37,Lisa Schmidt,Jamesport
38,Monica Watson,Loristad
39,Erica Carroll,Lucasshire
40,Carolyn Morgan,Lake Brian
41,Barbara Boyd,East Anthonyburgh
42,Joseph Fisher,West Cassie
43,Michael Perez,South Tracy
44,Shari Underwood,New Lisa
45,David Jackson,South Scott
46,Nicholas Valdez,Dayborough
47,Jeff Armstrong,Westview
48,Kim Sims,New Ashley
49,Mark Long,West Ricky
50,Angela Chandler,Virginiamouth
51,Aaron Ramsey,New Grant
52,Renee Rodriguez,North Oscar
53,Janet Rogers,Lake Amy
54,Joe Smith,Lake Charles
55,Monica Clark,South Melissaville
56,Phillip Burns,Lake Tristanton
57,Curtis Brandt,New Ashley
58,Aaron Rodriguez,Sherishire
59,Jennifer Hill,Leefurt
60,Teresa Morgan,Jonesmouth
61,Mathew Higgins,West Deborahton
62,Kevin Munoz,Jacobsport
63,Amanda Phillips,Jefferymouth
64,Philip Smith,East Jared
65,Diana Cook,North Taylor
66,Michelle Brown,Lake Thomas
67,Katherine Ford,New Tonya
68,Melissa Hall,Russellville
69,Christina Perez,Port Michael
70,Steven Lopez,Harrisview
71,John Hunt,South Matthewport
72,Timothy Price,New Ann
73,Jamie Carter,New Courtneyland
74,Lisa Sims,South Steven
75,Caroline Thompson,New Kylemouth
76,William Matthews,East Christopher
77,Stephen Blake,South Markbury
78,Steven Bennett,North Crystalville
79,Jay Stevens,Reginaldmouth
80,Matthew Porter,West Juan
81,Michelle Thomas,Port Tiffany
82,Victoria Miller,Haasview
83,Angela Brown,South Michaelburgh
84,Scott Browning,South Reneeborough
85,William Mcdowell,Loriburgh
86,John Morgan,Choiport
87,Yvonne Nunez,West Robertstad
88,Jessica Rogers,Keithhaven
89,Emily Patel,East Ryan
90,William Schultz,Lake Edward
91,Thomas Robles,West Charlesmouth
92,Janet Johnson,Pollardborough
93,Brianna Curtis,Smithview
94,Katherine Cole,Spencerchester
95,Scott Moore,Simpsonview
96,Janice Johnson,Schultzshire
97,Jorge Nixon,North Courtneyview
98,John Williams,West Davidmouth
99,Lisa Johnson,North Devon
100,Raymond Baker,Leonardstad
101,Diana Mcbride DDS,New Tracyview
102,Mrs. Maria Scott,Joshuaberg
103,Alicia Hickman,Oliviaton
104,Cody Holland,Sanchezchester
105,Karen Tucker,Lake Meghan
106,Kerry Robinson,North Joseph
107,Ethan Morgan,Mendozabury
108,Jesus Mccullough,Tammyberg
109,Rebecca Dunn,Lake Katherine
110,Jonathan Bridges,New James
111,Karen Anthony,Paulton
112,Stephen Vaughn,South Moniqueton
113,Maria Clarke,Smithstad
114,Kelly Singleton,Hillburgh
115,Chelsea Morris,Lake Michelle
116,James Edwards,New Franciscoberg
117,Morgan Reid,Stephenchester
118,Margaret Webb,Port Nicole
119,Matthew Harrison,Seanmouth
120,Tiffany Mueller,Lake Ashley
121,Russell Ramirez,North Aaron
122,Kathy Stone,Ericbury
123,James Keller,Sarahville
124,David Colon,North Austinmouth
125,Justin Davenport,Dariusberg
126,Michelle Roberts,West Patricialand
127,John Sanders,South Jacobside
128,Daniel Dean,Mcgeeborough
129,Diamond Lindsey,North David
130,Daniel Gomez,South Mario
131,Andrew Stephenson,Andrewberg
132,Jennifer Pugh,North Victorborough
133,William Garner,New Randall
134,Rebecca Baker,Estradachester
135,Amber Cardenas,New Juliechester
136,Tyler Roberts,Leonmouth
137,Jennifer Campbell,New Timothytown
138,Laura Graham,Cooperville
139,Dennis Clayton,Port Charles
140,Benjamin Vargas,New Lisa
141,John Wall,Prestonborough
142,Carrie Bautista,Tinaborough
143,Erin Pierce,Port Brett
144,Michael Evans,Perezville
145,Brandy Baker,West Hailey
146,Ashley Ayala,East Davidville
147,Miguel Ross,Davisbury
148,Cynthia Hoffman,Port Stephanie
149,Julie Rogers,Salasfort
150,Sara Evans,Jacquelinemouth
151,Peter Hood,East Emily
152,Catherine Kaufman,Lopezville
153,Joshua Carpenter,East Patrick
154,David Dean,Jacobsonborough
155,John Carr,West Loganfurt
156,Tina Rogers,Port Eric
157,Patrick Gonzales,West Gabriellefort
158,Tom Harris,Timothytown
159,Kenneth Morgan,Wattsside
160,Dr. Patricia Soto,South Jacob
161,Mrs. Diane King MD,Jacquelineshire
162,Caleb Jackson,West Tracyshire
163,Tanya Savage,Robertmouth
164,Katrina Hunter,Kennethport
165,Stephen Beltran,Boydchester
166,Dr. Ronald Vasquez III,Daniellefort
167,Cynthia Miller,East Tiffany
168,Kyle Mitchell,Baldwinville
169,Frank Gomez,Parkerport
170,Hannah Lewis,Bauerbury
171,Scott Wilson,New Kathleenchester
172,Riley Wright,Taylorbury
173,Jeffrey Chandler,New Denise
174,Dr. Carol Torres,West Gregoryhaven
175,Carol Brooks,Wardfort
176,Amanda Larson,West Richardview
177,Stacy Jordan,New Laurenmouth
178,Harold Herring,Port Trevor
179,Maria Davila,Lake Corey
180,Jennifer Blair,Lopezton
181,Lisa Kirk,Port Elizabethton
182,Melissa Cain,North John
183,Thomas Moore,New Annettechester
184,Robert Mccann,Bonnieport
185,Ryan Higgins,South Justin
186,Mrs. Kayla Watson,Lake David
187,Christina Hill,Alexanderbury
188,Meghan Diaz,South Johnland
189,Eric Zamora DDS,New Cole
190,Brooke Lee,Fergusonchester
191,Sue Ross MD,East Deborahborough
192,Tiffany Shea,Connorside
193,Peter Hall,South Amy
194,Diamond Meyer,New Patriciafort
195,Melissa Mcconnell,Port Cassidyhaven
196,Alyssa Christensen,East Stephen
197,Margaret Gonzalez,Lake Whitney
198,Ruth Larsen,Lake Dennis
199,Jamie Foster,New Barbara
200,Jeffrey Smith,Jameston
201,Sandra Patterson,Rodriguezmouth
202,James Howard,North Randalltown
203,Holly Ellis,North Amandaport
204,Jessica Clarke,North Reginaldland
205,Emily Parker,New Steven
206,Scott Lyons,East Lorraine
207,Ashley Chen,Braunstad
208,Lynn Nicholson,Smithborough
209,Cameron Phillips,Jacksonstad
210,Lori Johnson,Carriehaven
211,Robert Farley,South Ronald
212,Stephanie Gonzalez,North Krista
213,Carl Johnson,West Tracyhaven
214,Daniel Hess,South Laura
215,Kelly Braun,Vanessaside
216,Christine Thompson,West Lynnmouth
217,Roger Carson,Hannashire
218,Andrew Vasquez,Williamsstad
219,Nicholas Townsend,Davidburgh
220,Becky Jones,Kellychester
221,,Abigail Carlson,Lake Nathan
222,Andrew Hughes,Christophermouth
223,Mark Baker,South Judy
224,Donna Hensley,Lake Shannon
225,William Ayala,Lauraville
226,Scott Davis,Aaronborough
227,Brenda Shelton,East Josephside
228,Lisa Long,Phillipsport
229,Kara Brady,,New Terri
230,Dr. Michelle Chandler,Dawsonmouth
231,Amy Rodriguez,Thompsonshire
232,Jennifer Bailey,Ashleyside
233,Aaron Brown,North Michelleshire
234,Nathaniel Guzman,Samanthachester
235,Sarah Nelson,North Roberttown
236,Ronald Walters,South Carlos
237,Eric Hernandez,Hayesberg
238,Pamela Richardson,Charlesburgh
239,Leroy Davis,Pratttown
240,Daniel Barker,Rebekahshire
241,Terri Price,Austintown
242,Steven Jordan,New Gregoryfort
243,Dylan Schneider,West Katie
244,John Hall,Ashleymouth
245,Elizabeth Ford,South Dianehaven
246,Natasha Allen,Roachberg
247,Alec Rice,Anthonyfurt
248,Christopher Hicks,Port Patrick
249,Catherine Meyers,Garrisonmouth
250,Richard Brown,Clarkemouth
251,Christine White,Millermouth
252,Angela Jenkins DDS,Lukemouth
253,Amy Duran,Angelabury
254,Gary King,New Robert
255,Suzanne Lynn,West Danielshire
256,Carmen Garcia,East Philipbury
257,Carol Le,West Alexandra
258,Douglas White,Victorland
259,Jacob Taylor,Philipshire
260,Elizabeth Miller,New Shannon
261,Tiffany Todd,Wolfemouth
262,Alexander Gardner,Aliciatown
263,Tara Delacruz,Lake Michaelfurt
264,Shelby Chavez,South David
265,William Mendez,South Johnfort
266,Adam Serrano,South John
267,Nicholas Garner,Wilcoxtown
268,Jacqueline Harrington,Mariastad
269,Megan Johnston,Bryantland
270,Andrew Mckee,Kimberlyborough
271,Raymond Austin,Michaelborough
272a,Jack Sanchez,South Steven
273,Adrian Gentry PhD,Kevinfort
274,Derrick Barron,South Dean
275,David May,East Cassandra
276,William Lawrence,Lake Jason
277,Angela Boyd,Port Jamestown
278,Christina Johnson,North Benjamintown
279,Alexandria Mullen,Lake Nathaniel
280,Mr. James Nelson DDS,West Anthony
281,Jaime Gonzalez,Newtonmouth
282,Ashley White,Aliciafurt
283,Bryce Mitchell,Port Thomas
284,Brian Mendez,New Kenneth
285,Ryan Pearson,Thomasbury
286,Benjamin Harris,South Emily
287,Steven Cantu,Meyerhaven
288,Michael Fitzgerald,Steventown
289,Todd Jenkins,Johnborough
290,Michael Fleming,Scottchester
291,Sarah Smith,South Travisstad
292,Jacob Howell,Kirkfort
293,Tony Price,Lake Kathleenton
294,Kirk Morgan,North Cheryl
295,Jason Gordon,North Raymondhaven
296,Diana Grant,West Christopherland
297,Katherine Johnson,Lake Cheryl
298,Linda Greer,Myersland
299,Travis Young,East Monicamouth
300,Samantha Shaw,North Kaitlinbury
301,Jeffrey Vazquez,Harrisberg
302,Kathleen Wright,South Virginia
303,Jack Macdonald,New Alexside
304,Grant Martin,Lake Richard
305,Aaron Gonzales,Evansbury
306,Diane Schmidt,East Codymouth
307,Monica Wilcox,East Garyton
308,Jennifer Kelly,North Candace
309,Jason Huffman,Port Paultown
310,Christopher Mccann,North Anitamouth
311,Janet Schroeder,Perrytown
312,Mark Rodriguez Jr.,Stoutchester
313,Michael Miller,Sullivanmouth
314,Heather Dickson,West Meganmouth
315,Darrell Vargas,North Patrickside
316,Jessica Walker,Lake Williamberg
317,Michael Gibson,Christophermouth
318,Ryan Murray,South Chase
319,Sheena Ross,Tinatown
320,John Young,Jamesberg
321,Alec Harper,Derrickville
322,Travis Sullivan,Victoriaville
323,Mary Bailey,Stephensberg
324,Samuel Pearson,East Jon
325,Erik Hendricks,Wilsonfort
326,Ricky Henderson,South Ericamouth
327,Gina Leblanc,Maryside
328,Stephen Moore,New Lindsay
329,Julia Hoffman,North Brittany
330,Paul Greer,Isaacside
331,Marcus Rivera,East Stevetown
332,Pedro Patel,Port Erik
333,Michael Delgado,Andersonburgh
334,Sean Banks,East Meredithmouth
335,Kelly Cordova,Monicashire
336,Billy Gonzalez,South Ericbury
337,Marissa Davis,Emilyton
338,Benjamin Baldwin,Lake Kyleburgh
339,Paul Garrett,East James
340,Joshua Floyd,Mooreville
341,Robert Tran,Davidshire
342,Brent King,Williamborough
343,Eric Olson,South Donaldberg
344,Kathy Lopez,South Jerome
345,Brittany Coleman,Port Mary
346,Kathy Abbott,Port Gina
347,Ashley Lee,Lake Lorimouth
348,Eric Davis,Hermanburgh
349,Amy Nelson,Leslieburgh
350,Zachary Coleman,Amyhaven
351,Amanda Reed,Allenhaven
352,Scott Sanchez,Sandovalville
353,Crystal Fields,South Ronaldside
354,Jonathan Garcia,West Erinstad
355,Kim Brown,Lake Desireetown
356,David Anderson,Port Tiffanymouth
357,Joseph Brown,South Steven
358,Bobby Melendez,Crystalmouth
359,Paul Snyder,Port Debraside
360,Julia Torres,Lake Theresa
361,Michael Mccann,East Heatherberg
362,Matthew Morales,Curtischester
363,Edward Smith,East Diamond
364,Corey Perry,West Jamiemouth
365,James West,West Carriestad
366,Aaron Kent,Josephbury
367,Shannon Conway,Cynthiafort
368,Jennifer Clark,Hudsonchester
369,Phillip Lee,New Michealport
370,Monica Sullivan,Port Maryberg,,
371,Lisa Curry,Gregoryton
372,Michael Richardson,West John
373,Pamela Henry,New Frank
374,Linda Burns,South Andrestown
375,Valerie Reed,Lake Kaitlin
376,Patricia Gonzalez,New Andrew
377,Jesse Pugh,New Joseph
378,Brandon Owens,Port Lee
379,Rebecca Romero,Lake Alexandermouth
380,Jacob Powell,Frostview
381,Madison Maddox,Hernandezview
382,Austin Dorsey,Port Fernandobury
383,David Olson,New Alexanderview
384,Melinda Wilkinson,South Dale
385,Joshua Brown,Port Jeffreyland
386,Joshua Collier,Christophertown
387,Brandon Bass,Port Ashley
388,Leslie Phelps,South Kyleport
389,Julie King,North Michellebury
390,Samantha White,Jonesborough
391,Joyce Moore,Seanborough
392,Mrs. Haley Carpenter,Port Sarahberg
393,Betty Baker,New Jaime
394,Elizabeth Graham,Stephenfurt
395,Kevin Skinner,North Valerie
396,Jaime Hatfield,Lake Annemouth
397,Matthew Cross,Myersland
398,Christy Campbell,Mistyburgh
399,Ashley Todd,Turnerton
400,Olivia Mercado,East Rachelside
401,Victoria Hendricks,West Jameshaven
402,Brent Cook,Guerraton
403,William Kane,Thompsonland
404,Rebecca Bennett,Lake Jennifer
405,John Johnson,Port Amanda
406,Catherine Thornton,Lake Kimberly
407,Erin Freeman,Amandaport
408,Robert Griffin,Fullerville
409,Dominique Romero,Stevensonbury
410,Linda Davis,Moodyside
411,David Camacho,Samuelchester
412,Dalton Jenkins,Ashleyville
413,Timothy Smith,West Heatherbury
414,Jesus Hall,Jamesmouth
415,Marc Gonzalez,New Eric
416,Jacqueline Fisher,East Katie
417,Joshua Ford,South Amyton
418,Stephen Shields,Kleinfort
419,Jackie Doyle,Matthewport
420,Margaret Kennedy,Sanchezshire
421,Lisa Murray,Lake Johnmouth
422,Julie Malone,Mcbrideberg
423,Tracy Mcdonald,Lake Karina
424,Marc Stephenson,Port Thomas
425,Angel Norris,Jesuston
426,Tiffany Jackson,Keithville
427,Sarah Mayo,Molinaburgh
428,Monique Espinoza,Nicholasport
429,Lisa Clarke,East April
430,Kimberly Martinez,South Kelly
431,Glen Jones,Laurenhaven
432,Colton Johnson,Alexismouth
433,Casey Fowler,East Jesse
434,Christine Ritter,North Christopherhaven
435,Diana Taylor,New Micheleberg
436,Connor Johnson,Wellsbury
437,Brandon Cooper,East Chloeborough
438,Christian Parker,Sharonberg
439,Ashley Macias,North Edwardhaven
440,Ryan Cooper,North Ebonyburgh
441,Marissa Johnson,Brownton
442,Charles Murphy,Jennifershire
443,Lori Willis,Port Gregory
444,Kyle Phillips,Schwartzmouth
445,Sharon Lyons,New Christopher
446,John Lawson,New Jenniferton
447,Victoria Goodwin,Cooperborough
448,Kelly Boyd,Port Russellfurt
449,Caleb Martinez,West Mary
450,Timothy Chang,Lake Katherineton
451,Alexis Meyer,Kimberlyport
452,Jennifer Cole,Johnsonmouth
453,Kari Lewis,Joneschester
454,Deborah Nielsen,Johnbury
455,James Ellis MD,Walkerville
456,Erika Stevens,West Justin
457,Mackenzie Chen,North Marvinside
458,Lawrence Mathews,East Kellyburgh
459,Patricia Hall,Port Andrewville
460,Mrs. Jackie Escobar DDS,South Kevin
461,William Brooks,Port Coreyhaven
462,Luis Reed,Port Robyn
463,John Butler,Burgesshaven
464,Mark Murray MD,Mitchellmouth
465,Ernest Simmons,East Barbara
466,Amy Middleton,Port Sharifort
467,William Thomas,Port Steveport
468,Jacqueline Jordan,New Jonathan
469,William Boyd,Allenton
470,Jasmine Clark MD,North Tammymouth
471,Ricky Rush,Jacksonfurt
472,Danny Wilson,Thompsonfort
473,Steven Hart,West Sarah
474,Howard Stone,Lake Robin
475,Louis Hall,Stephenmouth
476,Emily Salazar,Johnsonland
477,Nicole Lawrence,East Angela
478,Matthew Brown,Williamsmouth
479,Erik Evans,Johnstad
480,John Mann,Port Stephanie
481,Wayne Bailey,Weberfort
482,Hannah Lyons,West Colton
483,Hannah Rodriguez,Osbornfort
484,Dr. Thomas Edwards DDS,North Andrewmouth
485,Kellie Patel,East Colin
486,Sarah Jones,Lake Kristinstad
487,Alyssa Schroeder,East Douglas
488,Richard Myers,Lake Paultown
489,Ashley Jackson,New Lisafurt
490,Michelle Ramos,West Erika,,
491,Tonya Marquez,Martinezville
492,Lisa Andersen,Ramirezstad
493,Nicole Blair,Scottborough
494,Alexandra Haynes,New Ralphside
495,Kathy Beard,Port Annette
496,Timothy Jones,Port Shannon
497,Kevin Cabrera,East Danielside
498,Lori Cohen MD,East Kevin
499,Anne Brooks,Jacobsfurt
500,Amanda Green,Lake Joseph
,,,,